env_type,size,seed
static,26,1000
static,26,1001
static,26,1002
static,26,1003
static,26,1004
static,26,1005
static,26,1006
static,26,1007
dynamic,26,1008
dynamic,26,1009
dynamic,26,1010
dynamic,26,1011
dynamic,26,1012
dynamic,26,1013
dynamic,26,1014
dynamic,26,1015
dense,26,1016
dense,26,1017
dense,26,1018
dense,26,1019
dense,26,1020
dense,26,1021
dense,26,1022
dense,26,1023
adversarial,26,1024
adversarial,26,1025
adversarial,26,1026
adversarial,26,1027
adversarial,26,1028
adversarial,26,1029
adversarial,26,1030
adversarial,26,1031
sensor_corruption,26,1032
sensor_corruption,26,1033
sensor_corruption,26,1034
sensor_corruption,26,1035
sensor_corruption,26,1036
sensor_corruption,26,1037
sensor_corruption,26,1038
sensor_corruption,26,1039
low_visibility,26,1040
low_visibility,26,1041
low_visibility,26,1042
low_visibility,26,1043
low_visibility,26,1044
low_visibility,26,1045
low_visibility,26,1046
low_visibility,26,1047
static,26,1048
dynamic,26,1049
